celebrity_name,timestamp,instagram_followers,twitter_followers,tiktok_followers,youtube_subscribers,facebook_followers
AJ McLean,2026-01-31 19:42:26,1200000.0,1700000.0,,,1300000.0
Aaron Carter,2026-01-31 19:42:42,3400000.0,1600000.0,2200000.0,3700000.0,3700000.0
Adam Carolla,2026-01-31 19:42:55,,2100000.0,,885000.0,1700000.0
Adam Rippon,2026-01-31 19:43:09,492000.0,894000.0,,,179000.0
Adrian Peterson,2026-01-31 19:43:24,1400000.0,1300000.0,,,1700000.0
Aiden Turner,2026-01-31 19:43:44,50000.0,30000.0,N/A,N/A,80000.0
Albert Reed,2026-01-31 19:43:59,1300000.0,,,,
Alek Skarlatos,2026-01-31 19:44:16,115000.0,45000.0,,,12000.0
Alexa PenaVega,2026-01-31 19:44:27,1300000.0,1100000.0,53000.0,,1300000.0
Alexandra Raisman,2026-01-31 19:44:39,1600000.0,1100000.0,,,1700000.0
Alexis Ren,2026-01-31 19:44:54,8000000.0,1300000.0,4300000.0,827000.0,
Alfonso Ribeiro,2026-01-31 19:45:05,1100000.0,1400000.0,,,1700000.0
Alix Earle,2026-01-31 19:45:19,6500000.0,,5800000.0,386000.0,
Ally Brooke,2026-01-31 19:45:32,6900000.0,2400000.0,1400000.0,655000.0,
Alyson Hannigan,2026-01-31 19:45:47,1600000.0,2900000.0,,,2900000.0
Amanda Kloots,2026-01-31 19:46:00,885000.0,207000.0,313000.0,,
Amber Riley,2026-01-31 19:46:13,1400000.0,1300000.0,,,1100000.0
Amber Rose,2026-01-31 19:46:24,4000000.0,1000.0,1600000.0,151000.0,1000000.0
Amy Purdy,2026-01-31 19:46:41,1300000.0,164000.0,173000.0,26700.0,
Andy Dick,2026-01-31 19:46:53,,509000.0,,,150000.0
Andy Grammer,2026-01-31 19:47:06,1100000.0,452000.0,356000.0,658000.0,1700000.0
Andy Richter,2026-01-31 19:47:17,,2100000.0,,,1100000.0
Anna Delvey,2026-01-31 19:47:34,1300000.0,174000.0,128000.0,,
Anne Heche,2026-01-31 19:47:47,658000.0,131000.0,,,
Antonio Brown,2026-01-31 19:47:59,4600000.0,2600000.0,1200000.0,148000.0,
Antonio Sabato Jr.,2026-01-31 19:48:11,1300000.0,227000.0,,,330000.0
Apolo Anton Ohno,2026-01-31 19:48:21,209000.0,483000.0,,,480000.0
Ariana Madix,2026-01-31 19:48:31,3400000.0,436000.0,1100000.0,11500.0,
Arike Ogunbowale,2026-01-31 19:48:47,1100000.0,358000.0,241000.0,,
Ashley Hamiliton,2026-01-31 19:49:03,25000.0,15000.0,N/A,N/A,40000.0
Audrina Patridge,2026-01-31 19:49:15,1400000.0,3400000.0,,,1100000.0
Babyface,2026-01-31 19:49:30,1200000.0,875000.0,,198000.0,1800000.0
Barbara Corcoran,2026-01-31 19:49:44,1200000.0,1100000.0,,,1100000.0
Baron Davis,2026-01-31 19:50:00,1300000.0,1100000.0,,,
Barry Williams,2026-01-31 19:50:13,124000.0,132000.0,,,170000.0
Belinda Carlisle,2026-01-31 19:50:29,,124000.0,,,640000.0
Bethany Mota,2026-01-31 19:50:42,800000.0,4200000.0,5100000.0,600000.0,3300000.0
Betsey Johnson,2026-01-31 19:50:57,1300000.0,136000.0,58000.0,,1600000.0
Bill Engvall,2026-01-31 19:51:13,,354000.0,,,1500000.0
Bill Nye,2026-01-31 19:51:25,4600000.0,5500000.0,1800000.0,9400000.0,1000000.0
Billy Dee Williams,2026-01-31 19:51:40,,142000.0,,,
Billy Ray Cyrus,2026-01-31 19:51:56,2300000.0,1100000.0,900000.0,207000.0,3100000.0
Bindi Irwin,2026-01-31 19:52:11,5800000.0,1100000.0,,,1700000.0
Bobby Bones,2026-01-31 19:52:26,432000.0,1600000.0,,55900.0,1100000.0
Bonner Bolton,2026-01-31 19:52:36,167000.0,14000.0,,,
Brandy,2026-01-31 19:52:49,4300000.0,3800000.0,,487000.0,3100000.0
Brant Daugherty,2026-01-31 19:53:05,1400000.0,345000.0,,,
Brian Austin Green,2026-01-31 19:53:21,1300000.0,1300000.0,,,1100000.0
Bristol Palin,2026-01-31 19:53:36,358000.0,159000.0,,,362000.0
Brooke Burke,2026-01-31 19:53:47,1300000.0,1100000.0,,45000.0,1100000.0
Brooks Nader,2026-01-31 19:54:01,1100000.0,,141000.0,,
Buzz Aldrin,2026-01-31 19:54:19,1100000.0,1400000.0,,,1100000.0
Calvin Johnson Jr.,2026-01-31 19:54:31,1600000.0,1500000.0,,,1400000.0
Cameron Mathison,2026-01-31 19:54:45,1100000.0,234000.0,,,210000.0
Candace Cameron Bure,2026-01-31 19:54:58,5800000.0,2800000.0,,262000.0,3400000.0
Carlos PenaVega,2026-01-31 19:55:19,1400000.0,1800000.0,,,
Carole Baskin,2026-01-31 19:55:38,1300000.0,1300000.0,473000.0,194000.0,
Carson Kressley,2026-01-31 19:55:52,216000.0,292000.0,,,370000.0
Chad Ochocinco,2026-01-31 19:56:05,2300000.0,3900000.0,,,1400000.0
Chaka Khan,2026-01-31 19:56:21,116000.0,494000.0,,157000.0,1500000.0
Chandler Kinney,2026-01-31 19:56:35,1700000.0,314000.0,,,
Charity Lawson,2026-01-31 19:56:48,1100000.0,131000.0,293000.0,,
Charles Oakley,2026-01-31 19:57:02,,133000.0,,,
Charli D'Amelio,2026-01-31 19:57:14,59000000.0,11000000.0,1.0,11000000.0,
Charlie White,2026-01-31 19:57:28,43000.0,92000.0,,,75000.0
Charlotte McKinney,2026-01-31 19:57:41,1100000.0,125000.0,,,
Charo,2026-01-31 19:57:56,141000.0,173000.0,,26100.0,580000.0
Chaz Bono,2026-01-31 19:58:15,165000.0,175000.0,,,135000.0
Chelsea Kane,2026-01-31 19:58:28,348000.0,331000.0,,,
Cheryl Ladd,2026-01-31 19:58:42,,127000.0,,,151000.0
Chris Jericho,2026-01-31 19:58:57,3100000.0,3400000.0,1200000.0,325000.0,5000000.0
Chris Kattan,2026-01-31 19:59:10,113000.0,251000.0,,,170000.0
Chris Mazdzer,2026-01-31 19:59:21,132000.0,75000.0,,,92000.0
Chris Soules,2026-01-31 19:59:33,309000.0,278000.0,,,378000.0
Chrishell Stause,2026-01-31 19:59:45,5800000.0,1100000.0,1400000.0,,
Christina Milian,2026-01-31 20:00:00,2800000.0,2400000.0,844000.0,138000.0,
Christine Chiu,2026-01-31 20:00:16,1300000.0,,114000.0,,
Chuck Liddell,2026-01-31 20:00:34,1300000.0,1400000.0,1300000.0,35000.0,2800000.0
Chuck Wicks,2026-01-31 20:00:49,,149000.0,,,325000.0
Chynna Phillips,2026-01-31 20:01:02,80000.0,60000.0,5000,20000,120000.0
Cloris Leachman,2026-01-31 20:01:20,,,,,1500000.0
Clyde Drexler,2026-01-31 20:01:35,,133000.0,,,
Cody Linley,2026-01-31 20:01:47,21000.0,54000.0,,,
Cody Rigsby,2026-01-31 20:02:02,1100000.0,415000.0,1200000.0,67000.0,
Cody Simpson,2026-01-31 20:02:15,3700000.0,3200000.0,1100000.0,947000.0,4500000.0
Corbin Bleu,2026-01-31 20:02:26,1300000.0,1400000.0,,75000.0,1400000.0
Corey Feldman,2026-01-31 20:02:37,368000.0,432000.0,,84700.0,420000.0
Cristian de la Fuente,2026-01-31 20:02:50,1300000.0,1400000.0,,,
D. L. Hughley,2026-01-31 20:03:05,1100000.0,2800000.0,,135000.0,1800000.0
Danelle Umstead,2026-01-31 20:03:17,44000.0,15000.0,,,42000.0
Danica McKellar,2026-01-31 20:03:34,1300000.0,1100000.0,400000.0,35000.0,850000.0
Daniel Durant,2026-01-31 20:03:50,255000.0,126000.0,26000.0,,
Danielle Fishel,2026-01-31 20:04:02,1200000.0,1100000.0,,,
Danny Amendola,2026-01-31 20:04:21,604000.0,409000.0,,,
David Alan Grier,2026-01-31 20:04:35,,224000.0,,,130000.0
David Arquette,2026-01-31 20:04:47,509000.0,1200000.0,,,1100000.0
David Hasselhoff,2026-01-31 20:05:04,1400000.0,875000.0,,68800.0,1800000.0
David Ross,2026-01-31 20:05:17,345000.0,657000.0,,,
DeMarcus Ware,2026-01-31 20:05:34,284000.0,654000.0,,,880000.0
Debbie Gibson,2026-01-31 20:05:46,145000.0,331000.0,,34900.0,459000.0
Debi Mazar,2026-01-31 20:05:58,1100000.0,192000.0,,,280000.0
Denise Richards,2026-01-31 20:06:12,1400000.0,874000.0,,,1100000.0
Derek Fisher,2026-01-31 20:06:24,1400000.0,1100000.0,,,870000.0
Diana Nyad,2026-01-31 20:06:38,45000.0,89000.0,,,93000.0
Donald Driver,2026-01-31 20:06:49,,182000.0,,,215000.0
Donny Osmond,2026-01-31 20:07:05,216000.0,368000.0,,157000.0,1600000.0
Dorothy Hamill,2026-01-31 20:07:17,40000.0,25000.0,N/A,N/A,100000.0
Doug Flutie,2026-01-31 20:07:35,25000.0,235000.0,,,170000.0
Drew Carey,2026-01-31 20:07:53,,2800000.0,,,1700000.0
Drew Lachey,2026-01-31 20:08:06,35000.0,31000.0,,,38000.0
Drew Scott,2026-01-31 20:08:22,2400000.0,1400000.0,,315000.0,1500000.0
Dwight Howard,2026-01-31 20:08:34,9300000.0,7400000.0,1900000.0,428000.0,
Dylan Efron,2026-01-31 20:08:48,85000.0,,,,
Elaine Hendrix,2026-01-31 20:09:03,145000.0,43000.0,,,37000.0
Elisabetta Canalis,2026-01-31 20:09:22,1300000.0,,,,1700000.0
Elizabeth Berkley Lauren,2026-01-31 20:09:38,1300000.0,875000.0,,,450000.0
Emmitt Smith,2026-01-31 20:09:53,234000.0,1104000.0,,,1100000.0
Eric Roberts,2026-01-31 20:10:05,172000.0,265000.0,,,
Erika Jayne,2026-01-31 20:10:21,1300000.0,875000.0,174000.0,,
Erin Andrews,2026-01-31 20:10:35,1400000.0,2100000.0,,,880000.0
Evan Lysacek,2026-01-31 20:10:47,46000.0,165000.0,,,164000.0
Evander Holyfield,2026-01-31 20:11:03,1400000.0,875000.0,,37000.0,1800000.0
Evanna Lynch,2026-01-31 20:11:18,3500000.0,1100000.0,312000.0,,
Florence Henderson,2026-01-31 20:11:34,,112000.0,,,1100000.0
Floyd Mayweather Jr.,2026-01-31 20:11:51,28000000.0,9000000.0,1000000.0,600000.0,
Frankie Muniz,2026-01-31 20:12:07,1400000.0,1300000.0,,,1500000.0
Gabby Windey,2026-01-31 20:12:27,1100000.0,175000.0,215000.0,,
Gary Busey,2026-01-31 20:12:40,125000.0,585000.0,,,245000.0
Gavin DeGraw,2026-01-31 20:12:54,115000.0,1100000.0,,221000.0,1600000.0
George Hamilton,2026-01-31 20:13:09,60000.0,45000.0,N/A,N/A,150000.0
Geraldo Rivera,2026-01-31 20:13:22,203000.0,1900000.0,,,860000.0
Gilles Marini,2026-01-31 20:13:36,115000.0,75000.0,,,140000.0
Ginger Zee,2026-01-31 20:13:49,508000.0,1600000.0,,,1100000.0
Giselle Fernandez,2026-01-31 20:14:11,,22000.0,,,
Gladys Knight,2026-01-31 20:14:25,174000.0,153000.0,,138000.0,1100000.0
Hannah Brown,2026-01-31 20:14:37,2900000.0,675000.0,453000.0,119000.0,
Harry Hamlin,2026-01-31 20:14:49,71000.0,,,,
Harry Jowsey,2026-01-31 20:15:00,3200000.0,1100000.0,2400000.0,189000.0,
Hayes Grier,2026-01-31 20:15:11,4600000.0,1200000.0,5500000.0,885000.0,
Heather Mills,2026-01-31 20:15:25,66000.0,163000.0,,,170000.0
Heather Morris,2026-01-31 20:15:39,1100000.0,875000.0,246000.0,,
Heidi D'Amelio,2026-01-31 20:15:51,1400000.0,183000.0,1700000.0,136000.0,
Helio Castroneves,2026-01-31 20:16:03,1200000.0,1300000.0,,,1300000.0
Hilaria Baldwin,2026-01-31 20:16:19,879000.0,134000.0,,,
Hines Ward,2026-01-31 20:16:36,144000.0,314000.0,,,580000.0
Holly Madison,2026-01-31 20:16:48,1200000.0,1400000.0,,76000.0,1300000.0
Hope Solo,2026-01-31 20:17:03,1400000.0,1100000.0,,,1300000.0
Ian Ziering,2026-01-31 20:17:16,120000.0,80000.0,10000,15000,200000.0
Ilona Maher,2026-01-31 20:17:28,1100000.0,135000.0,930000.0,,
Iman Shumpert,2026-01-31 20:17:43,1400000.0,1100000.0,,,
Ingo Rademacher,2026-01-31 20:17:58,115000.0,54000.0,,,
J.R. Martinez,2026-01-31 20:18:13,1200000.0,264000.0,,12900.0,880000.0
Jack Osbourne,2026-01-31 20:18:27,368000.0,311000.0,,,
Jack Wagner,2026-01-31 20:18:40,21000.0,112000.0,,,157000.0
Jacoby Jones,2026-01-31 20:18:55,129000.0,214000.0,,,
Jake Pavelka,2026-01-31 20:19:07,,183000.0,,,117000.0
Jake T. Austin,2026-01-31 20:19:21,2100000.0,1400000.0,,,
Jaleel White,2026-01-31 20:19:38,508000.0,137000.0,,,75000.0
James Hinchcliffe,2026-01-31 20:19:53,473000.0,381000.0,,,515000.0
James Maslow,2026-01-31 20:20:06,1300000.0,1400000.0,,179000.0,1800000.0
James Van Der Beek,2026-01-31 20:20:20,1100000.0,2100000.0,,,1300000.0
Jamie Anderson,2026-01-31 20:20:38,664000.0,151000.0,94000.0,,
Jamie Lynn Spears,2026-01-31 20:20:50,1800000.0,1100000.0,,,
Jana Kramer,2026-01-31 20:21:01,1800000.0,1300000.0,600000.0,278000.0,1600000.0
Jane Seymour,2026-01-31 20:21:20,188000.0,171000.0,,,1100000.0
Janel Parrish,2026-01-31 20:21:36,2300000.0,1200000.0,,,1100000.0
Jason Lewis,2026-01-31 20:21:50,185000.0,,,,150000.0
Jason Mraz,2026-01-31 20:22:01,1800000.0,2200000.0,,1580000.0,5800000.0
Jason Taylor,2026-01-31 20:22:22,156000.0,234000.0,,,320000.0
Jeannie Mai,2026-01-31 20:22:37,1200000.0,397000.0,91000.0,,185000.0
Jeffrey Ross,2026-01-31 20:22:56,156000.0,291000.0,,12600.0,140000.0
Jen Affleck,2026-01-31 20:23:09,2.0,15000000.0,9500000.0,15000000.0,43000000.0
Jenn Tran,2026-01-31 20:23:23,1100000.0,94000.0,323000.0,,
Jennie Finch Daigle,2026-01-31 20:23:37,168000.0,162000.0,,,485000.0
Jennie Garth,2026-01-31 20:23:48,234000.0,349000.0,,,1100000.0
Jennifer Grey,2026-01-31 20:24:00,235000.0,87000.0,,,175000.0
Jerry Rice,2026-01-31 20:24:14,164000.0,1100000.0,,,870000.0
Jerry Springer,2026-01-31 20:24:28,165000.0,651000.0,,,875000.0
Jesse Metcalfe,2026-01-31 20:24:43,1300000.0,194000.0,,,1100000.0
Jessie James Decker,2026-01-31 20:24:54,3400000.0,1100000.0,411000.0,416000.0,1500000.0
Jimmie Allen,2026-01-31 20:25:05,433000.0,268000.0,171000.0,97899.0,880000.0
JoJo Siwa,2026-01-31 20:25:16,12400000.0,9700000.0,12500000.0,12400000.0,5800000.0
Joanna Krupa,2026-01-31 20:25:32,1500000.0,415000.0,,,1500000.0
Jodie Sweetin,2026-01-31 20:25:44,1500000.0,1100000.0,133000.0,,1300000.0
Joe Amabile,2026-01-31 20:26:01,665000.0,174000.0,131000.0,,
Joey Fatone,2026-01-31 20:26:15,266000.0,1200000.0,,,1100000.0
Joey Graziadei,2026-01-31 20:26:29,1300000.0,64000.0,213000.0,,
Joey Lawrence,2026-01-31 20:26:42,1300000.0,875000.0,,,1100000.0
Joey McIntyre,2026-01-31 20:26:54,208000.0,371000.0,,,183000.0
John O'Hurley,2026-01-31 20:27:09,,164000.0,,,153000.0
John Ratzenberger,2026-01-31 20:27:24,70000.0,50000.0,N/A,N/A,180000.0
John Schneider,2026-01-31 20:27:36,145000.0,214000.0,,54700.0,1100000.0
Johnny Damon,2026-01-31 20:27:50,,,,,145000.0
Johnny Weir,2026-01-31 20:28:04,655000.0,678000.0,,,460000.0
Jonathan Bennett,2026-01-31 20:28:19,1100000.0,875000.0,321000.0,,
Jordan Chiles,2026-01-31 20:28:34,1100000.0,265000.0,873000.0,78000.0,
Jordan Fisher,2026-01-31 20:28:48,3100000.0,1400000.0,900000.0,228000.0,
Jordin Sparks,2026-01-31 20:29:01,1300000.0,1400000.0,241000.0,128000.0,1700000.0
Joseph Baena,2026-01-31 20:29:15,1200000.0,65000.0,450000.0,55000.0,
Josh Norman,2026-01-31 20:29:27,206000.0,274000.0,,,240000.0
Josie Maran,2026-01-31 20:29:39,104000.0,53000.0,,,79000.0
Juan Pablo Di Pace,2026-01-31 20:29:55,607000.0,193000.0,,,157000.0
Justina Machado,2026-01-31 20:30:08,255000.0,147000.0,,,144000.0
Kaitlyn Bristowe,2026-01-31 20:30:22,2100000.0,1100000.0,920000.0,132000.0,
Karamo Brown,2026-01-31 20:30:32,1200000.0,1100000.0,600000.0,,
Kareem Abdul-Jabbar,2026-01-31 20:30:48,1100000.0,1200000.0,,,900000.0
Kate Flannery,2026-01-31 20:31:03,195000.0,153000.0,,,130000.0
Kate Gosselin,2026-01-31 20:31:17,183000.0,109000.0,,13700.0,244000.0
Katherine Jenkins,2026-01-31 20:31:29,157000.0,275000.0,,37700.0,835000.0
Kathy Ireland,2026-01-31 20:31:43,,,,,1400000.0
Kel Mitchell,2026-01-31 20:31:53,1500000.0,1200000.0,,,1100000.0
Kellie Pickler,2026-01-31 20:32:07,313000.0,1300000.0,,40800.0,1600000.0
Kelly Monaco,2026-01-31 20:32:21,,,,,165000.0
Kelly Osbourne,2026-01-31 20:32:33,2300000.0,2800000.0,,,1500000.0
Kendra Wilkinson,2026-01-31 20:32:45,1100000.0,1100000.0,,,1500000.0
Kenny Mayne,2026-01-31 20:32:58,,458000.0,,,
Kenya Moore,2026-01-31 20:33:08,2600000.0,1300000.0,259000.0,,1600000.0
Keyshawn Johnson,2026-01-31 20:33:23,285000.0,1100000.0,,,170000.0
Kim Fields,2026-01-31 20:33:35,183000.0,158000.0,,,145000.0
Kim Kardashian,2026-01-31 20:33:50,3.0,4500000.0,5800000.0,1500000.0,2000000.0
Kim Zolciak-Biermann,2026-01-31 20:34:03,1400000.0,1300000.0,,,1600000.0
Kirstie Alley,2026-01-31 20:34:17,1400000.0,1100000.0,,,1100000.0
Kristi Yamaguchi,2026-01-31 20:34:28,150000.0,100000.0,20000,25000,250000.0
Kristin Cavallari,2026-01-31 20:34:40,3400000.0,1300000.0,1100000.0,25000.0,1400000.0
Kurt Warner,2026-01-31 20:34:54,286000.0,891000.0,,,860000.0
Kyle Massey,2026-01-31 20:35:06,134000.0,1200000.0,,,1500000.0
Laila Ali,2026-01-31 20:35:19,1400000.0,436000.0,,25900.0,860000.0
Lamar Odom,2026-01-31 20:35:32,2900000.0,1700000.0,,,
Lance Bass,2026-01-31 20:35:45,1100000.0,2100000.0,,,1300000.0
Lauren Alaina,2026-01-31 20:35:57,1300000.0,1100000.0,475000.0,273000.0,1600000.0
Lauren Jauregui,2026-01-31 20:36:09,6600000.0,3400000.0,1100000.0,253000.0,
Laurie Hernandez,2026-01-31 20:36:22,1400000.0,416000.0,673000.0,56000.0,
Lawrence Taylor,2026-01-31 20:36:34,,246000.0,,,880000.0
Lea Thompson,2026-01-31 20:36:49,285000.0,145000.0,,,
Leah Remini,2026-01-31 20:37:05,3300000.0,1600000.0,,656000.0,1800000.0
Leeza Gibbons,2026-01-31 20:37:18,,184000.0,,,166000.0
Lele Pons,2026-01-31 20:37:30,4000000.0,5500000.0,5000000.0,8000000.0,8000000.0
Lil' Kim,2026-01-31 20:37:42,4800000.0,3900000.0,,136000.0,3800000.0
Lindsey Stirling,2026-01-31 20:37:52,3800000.0,1100000.0,1100000.0,13800000.0,8800000.0
Lisa Rinna,2026-01-31 20:38:10,3400000.0,1100000.0,453000.0,,
Lisa Vanderpump,2026-01-31 20:38:25,2900000.0,1300000.0,,,1400000.0
Lolo Jones,2026-01-31 20:38:40,556000.0,415000.0,,30800.0,
Louie Vito,2026-01-31 20:38:54,253000.0,85000.0,,12600.0,132000.0
Macy Gray,2026-01-31 20:39:05,241000.0,144000.0,,125000.0,1100000.0
Margaret Cho,2026-01-31 20:39:17,558000.0,1100000.0,,27900.0,1100000.0
Maria Menounos,2026-01-31 20:39:33,1100000.0,1100000.0,,43900.0,1500000.0
Marie Osmond,2026-01-31 20:39:44,128000.0,1200000.0,,84900.0,1700000.0
Marilu Henner,2026-01-31 20:39:58,,155000.0,,,175000.0
Mario,2026-01-31 20:40:18,2500000.0,2700000.0,,,4000000.0
Mario Lopez,2026-01-31 20:40:32,3900000.0,1400000.0,175000.0,,1800000.0
Marissa Jaret Winokur,2026-01-31 20:40:46,41000.0,93000.0,,,45000.0
Mark Cuban,2026-01-31 20:40:59,8700000.0,8800000.0,,,
Mark Dacascos,2026-01-31 20:41:14,148000.0,,,,170000.0
Marla Maples,2026-01-31 20:41:26,48000.0,171000.0,,,55000.0
Marlee Matlin,2026-01-31 20:41:38,149000.0,1300000.0,,,180000.0
Martin Kove,2026-01-31 20:41:55,46000.0,,,,11000.0
Martina Navratilova,2026-01-31 20:42:08,146000.0,1105000.0,,,485000.0
Mary Lou Retton,2026-01-31 20:42:20,144000.0,,,,199000.0
Mary Wilson,2026-01-31 20:42:37,100000.0,80000.0,N/A,30000,300000.0
Master P,2026-01-31 20:42:51,1400000.0,1100000.0,,175000.0,1800000.0
Matt James,2026-01-31 20:43:05,1100000.0,300000.0,,,
Matt Walsh,2026-01-31 20:43:19,145000.0,261000.0,,,
Maureen McCormick,2026-01-31 20:43:32,351000.0,231000.0,,,195000.0
Maurice Greene,2026-01-31 20:43:50,135000.0,121000.0,,,170000.0
Mauricio Umansky,2026-01-31 20:44:05,1200000.0,112000.0,,,140000.0
Mel B,2026-01-31 20:44:15,1100000.0,2100000.0,,,1700000.0
Melanie C,2026-01-31 20:44:26,1100000.0,1400000.0,175000.0,126000.0,1600000.0
Melissa Gilbert,2026-01-31 20:44:38,,408000.0,,,273000.0
Melissa Joan Hart,2026-01-31 20:44:54,1400000.0,1300000.0,275000.0,,860000.0
Melissa Rycroft,2026-01-31 20:45:07,133000.0,216000.0,,,478000.0
Melora Hardin,2026-01-31 20:45:22,61000.0,17000.0,,,14000.0
Meryl Davis,2026-01-31 20:45:36,177000.0,114000.0,,,331000.0
Metta World Peace (Ron),2026-01-31 20:45:48,1300000.0,1700000.0,,,1500000.0
Michael Bolton,2026-01-31 20:46:00,298000.0,1600000.0,,479000.0,2900000.0
Michael Irvin,2026-01-31 20:46:11,478000.0,1100000.0,,,860000.0
Michael Sam,2026-01-31 20:46:29,80000.0,120000.0,15000,10000,100000.0
Michael Waltrip,2026-01-31 20:46:42,179000.0,675000.0,,,843000.0
"Mike ""The Miz"" Mizanin",2026-01-31 20:46:54,4600000.0,3100000.0,1200000.0,655000.0,5000000.0
Mike Catherwood,2026-01-31 20:47:07,,42000.0,,,
Milo Manheim,2026-01-31 20:47:22,1400000.0,327000.0,921000.0,,
Mira Sorvino,2026-01-31 20:47:36,121000.0,136000.0,,,135000.0
Mirai Nagasu,2026-01-31 20:47:48,74000.0,127000.0,,,
Mischa Barton,2026-01-31 20:47:59,1100000.0,1300000.0,,,1200000.0
Misty May-Treanor,2026-01-31 20:48:15,174000.0,,,,840000.0
Monica Aldama,2026-01-31 20:48:28,1400000.0,144000.0,436000.0,,
Monica Seles,2026-01-31 20:48:43,,112000.0,,,280000.0
Monique Coleman,2026-01-31 20:48:55,305000.0,249000.0,,,450000.0
Mr. T,2026-01-31 20:49:13,,,,11000.0,1400000.0
Mya,2026-01-31 20:49:25,1400000.0,1100000.0,,55000.0,1400000.0
Nancy Grace,2026-01-31 20:49:40,,1400000.0,,653000.0,1800000.0
Nancy Kerrigan,2026-01-31 20:49:56,,128000.0,,,170000.0
Nancy McKeon,2026-01-31 20:50:10,60000.0,40000.0,N/A,N/A,120000.0
Nastia Liukin,2026-01-31 20:50:25,1100000.0,875000.0,,,1100000.0
Natalie Coughlin,2026-01-31 20:50:37,114000.0,291000.0,,,212000.0
NeNe Leakes,2026-01-31 20:50:48,2300000.0,5400000.0,174000.0,,2800000.0
Nelly,2026-01-31 20:51:00,1700000.0,4900000.0,,218000.0,4700000.0
Nev Schulman,2026-01-31 20:51:14,2100000.0,1100000.0,,,870000.0
Nick Carter,2026-01-31 20:51:25,1100000.0,2900000.0,,,3100000.0
Nick Lachey,2026-01-31 20:51:38,1100000.0,1400000.0,,,1100000.0
Nick Viall,2026-01-31 20:51:51,1100000.0,557000.0,415000.0,171000.0,
"Nicole ""Snooki"" Polizzi",2026-01-31 20:52:01,4900000.0,4300000.0,1400000.0,268000.0,3400000.0
Nicole Scherzinger,2026-01-31 20:52:17,5900000.0,3400000.0,1100000.0,,5800000.0
Niecy Nash,2026-01-31 20:52:30,1600000.0,1100000.0,,,870000.0
Nikki Bella,2026-01-31 20:52:46,13000000.0,7500000.0,1200000.0,600000.0,5000000.0
Nikki Glaser,2026-01-31 20:53:01,2300000.0,1100000.0,900000.0,35000.0,
Noah Galloway,2026-01-31 20:53:17,259000.0,124000.0,,12900.0,453000.0
Normani,2026-01-31 20:53:30,7800000.0,3700000.0,1300000.0,546000.0,
Nyle DiMarco,2026-01-31 20:53:47,1700000.0,405000.0,475000.0,129000.0,
Olivia Jade,2026-01-31 20:53:57,1400000.0,215000.0,1700000.0,1900000.0,
Paige VanZant,2026-01-31 20:54:10,3800000.0,1100000.0,1700000.0,265000.0,
Pamela Anderson,2026-01-31 20:54:22,1800000.0,1300000.0,,,2900000.0
Patti LaBelle,2026-01-31 20:54:34,1300000.0,1100000.0,,177000.0,2600000.0
Paula Deen,2026-01-31 20:54:46,508000.0,1400000.0,,248000.0,5700000.0
Paulina Porizkova,2026-01-31 20:55:04,957000.0,178000.0,135000.0,,
Penn Jillette,2026-01-31 20:55:18,,2600000.0,,,1600000.0
Petra Nemcova,2026-01-31 20:55:30,2000000.0,1100000.0,,,1800000.0
Phaedra Parks,2026-01-31 20:55:42,2300000.0,1300000.0,156000.0,,1600000.0
Priscilla Presley,2026-01-31 20:56:00,171000.0,,,,169000.0
Rachel Hunter,2026-01-31 20:56:11,54000.0,,,,
Ralph Macchio,2026-01-31 20:56:27,1200000.0,275000.0,,,450000.0
Randy Couture,2026-01-31 20:56:40,1100000.0,1100000.0,,,2800000.0
Rashad Jennings,2026-01-31 20:56:55,334000.0,213000.0,,,275000.0
Ray Lewis,2026-01-31 20:57:10,1400000.0,1100000.0,,,1700000.0
Redfoo,2026-01-31 20:57:21,1300000.0,1100000.0,,429000.0,2800000.0
Reginald VelJohnson,2026-01-31 20:57:37,,,,,116000.0
Rick Fox,2026-01-31 20:57:48,1300000.0,1100000.0,,,
Rick Perry,2026-01-31 20:58:05,,1300000.0,,,870000.0
Ricki Lake,2026-01-31 20:58:18,128000.0,431000.0,,,212000.0
Riker Lynch,2026-01-31 20:58:31,1100000.0,845000.0,,,
Rob Kardashian,2026-01-31 20:58:46,9800000.0,6400000.0,,,
Robert Herjavec,2026-01-31 20:59:03,1100000.0,945000.0,,,870000.0
Robert Irwin,2026-01-31 20:59:18,4700000.0,1100000.0,900000.0,100000.0,1600000.0
Rocco DiSpirito,2026-01-31 20:59:33,225000.0,68000.0,,12000.0,182000.0
Romeo,2026-01-31 20:59:47,200000.0,150000.0,80000,50000,100000.0
Roshon Fegan,2026-01-31 21:00:00,1100000.0,164000.0,,,
Rumer Willis,2026-01-31 21:00:13,1300000.0,362000.0,176000.0,,
Ryan Lochte,2026-01-31 21:00:28,1300000.0,1100000.0,275000.0,,2900000.0
Sabrina Bryan,2026-01-31 21:00:41,312000.0,248000.0,,,459000.0
Sadie Robertson,2026-01-31 21:00:53,4100000.0,1200000.0,2200000.0,659000.0,1500000.0
Sailor Brinkley-Cook,2026-01-31 21:01:07,655000.0,,162000.0,,
Sam Champion,2026-01-31 21:01:22,155000.0,313000.0,,,185000.0
Sara Evans,2026-01-31 21:01:34,249000.0,444000.0,,79400.0,1100000.0
Sasha Pieterse,2026-01-31 21:01:46,2300000.0,1100000.0,,,
Scott Hoying,2026-01-31 21:02:00,1200000.0,457000.0,1100000.0,125000.0,180000.0
Sean Avery,2026-01-31 21:02:11,,207000.0,,,
Sean Lowe,2026-01-31 21:02:28,1100000.0,875000.0,,,650000.0
Sean Spicer,2026-01-31 21:02:45,152000.0,1200000.0,,,450000.0
Selma Blair,2026-01-31 21:02:59,1400000.0,885000.0,,,
Shandi Finnessey,2026-01-31 21:03:12,,11000.0,,,16000.0
Shangela,2026-01-31 21:03:25,1300000.0,1100000.0,870000.0,65000.0,450000.0
Shanna Moakler,2026-01-31 21:03:38,1100000.0,269000.0,63000.0,,
Shannen Doherty,2026-01-31 21:03:54,1400000.0,1100000.0,,,1400000.0
Shannon Elizabeth,2026-01-31 21:04:09,1400000.0,583000.0,,,1100000.0
Shawn Johnson,2026-01-31 21:04:26,2800000.0,1200000.0,921000.0,316000.0,1700000.0
Sherri Sheperd,2026-01-31 21:04:39,1400000.0,1600000.0,,,1100000.0
Simone Biles,2026-01-31 21:04:54,7400000.0,1900000.0,3400000.0,285000.0,3200000.0
Skai Jackson,2026-01-31 21:05:06,7000000.0,1900000.0,2200000.0,147000.0,
Stacy Keibler,2026-01-31 21:05:18,251000.0,487000.0,,,1300000.0
Stephen Nedoroscik,2026-01-31 21:05:34,47000.0,11000.0,,,
Steve Guttenberg,2026-01-31 21:05:48,56000.0,158000.0,,,110000.0
Steve Wozniak,2026-01-31 21:06:02,,1400000.0,,,
Steve-O,2026-01-31 21:06:14,6600000.0,1900000.0,4400000.0,5800000.0,4400000.0
Sugar Ray Leonard,2026-01-31 21:06:32,,153000.0,,,1400000.0
Suni Lee,2026-01-31 21:06:46,1800000.0,307000.0,900000.0,,
Susan Lucci,2026-01-31 21:07:02,215000.0,125000.0,,,170000.0
Suzanne Somers,2026-01-31 21:07:15,164000.0,,,,1100000.0
Tamar Braxton,2026-01-31 21:07:27,5500000.0,2900000.0,,356000.0,2600000.0
Tatum O'Neal,2026-01-31 21:07:39,90000.0,70000.0,N/A,N/A,150000.0
Tavis Smiley,2026-01-31 21:07:55,,,,,247000.0
Ted McGinley,2026-01-31 21:08:06,50000.0,35000.0,N/A,N/A,100000.0
Teresa Giudice,2026-01-31 21:08:21,3100000.0,1300000.0,900000.0,,1400000.0
Terra Jole,2026-01-31 21:08:34,153000.0,63000.0,,,171000.0
Terrell Owens,2026-01-31 21:08:45,2800000.0,3700000.0,,129000.0,1400000.0
The Situation,2026-01-31 21:08:57,5900000.0,1400000.0,1200000.0,135000.0,2800000.0
Tia Carrere,2026-01-31 21:09:10,,106000.0,,,130000.0
Tinashe,2026-01-31 21:09:23,5800000.0,3100000.0,2200000.0,1380000.0,
Tom DeLay,2026-01-31 21:09:38,30000.0,80000.0,N/A,5000,120000.0
Tommy Chong,2026-01-31 21:09:56,1100000.0,875000.0,371000.0,96500.0,860000.0
Toni Braxton,2026-01-31 21:10:06,1400000.0,1500000.0,,276000.0,3800000.0
Tonya Harding,2026-01-31 21:10:22,,,,,165000.0
Tori Spelling,2026-01-31 21:10:36,1100000.0,1700000.0,75000.0,,1100000.0
Trevor Donovan,2026-01-31 21:10:51,1300000.0,245000.0,,,450000.0
Trista Sutter,2026-01-31 21:11:05,254000.0,136000.0,,,
Tucker Carlson,2026-01-31 21:11:22,,9200000.0,,1400000.0,
Ty Murray,2026-01-31 21:11:33,168000.0,,,,243000.0
Tyson Beckford,2026-01-31 21:11:47,1100000.0,275000.0,,,860000.0
Valerie Harper,2026-01-31 21:11:59,40000.0,60000.0,N/A,N/A,200000.0
Vanessa Lachey,2026-01-31 21:12:12,1100000.0,875000.0,,,450000.0
Vanilla Ice,2026-01-31 21:12:24,228000.0,145000.0,,37000.0,1100000.0
Veron Davis,2026-01-31 21:12:39,1300000.0,1100000.0,,,1100000.0
Victor Espinoza,2026-01-31 21:12:53,,45000.0,,,
Victor Ortiz,2026-01-31 21:13:06,185000.0,215000.0,,17000.0,450000.0
Victoria Arlen,2026-01-31 21:13:19,268000.0,157000.0,,18400.0,235000.0
Vinny Guadagnino,2026-01-31 21:13:35,5500000.0,1300000.0,1100000.0,228000.0,
Vivica A. Fox,2026-01-31 21:13:51,1800000.0,1300000.0,144000.0,,1600000.0
Von Miller,2026-01-31 21:14:01,2100000.0,1500000.0,,,1700000.0
Wanya Morris,2026-01-31 21:14:16,112000.0,53000.0,,,160000.0
Warren Sapp,2026-01-31 21:14:29,129000.0,1100000.0,,,
Wayne Brady,2026-01-31 21:14:42,1200000.0,2100000.0,,69000.0,1100000.0
Wayne Newton,2026-01-31 21:14:54,,,,,140000.0
Wendy Williams,2026-01-31 21:15:08,4400000.0,3800000.0,,148000.0,3800000.0
Whitney Leavitt,2026-01-31 21:15:24,136000.0,,,136000.0,
Willa Ford,2026-01-31 21:15:41,112000.0,37000.0,,,91000.0
William Levy,2026-01-31 21:15:55,8400000.0,1700000.0,,,6200000.0
Willow Shields,2026-01-31 21:16:08,1400000.0,875000.0,,,
Wynonna Judd,2026-01-31 21:16:20,268000.0,439000.0,,64700.0,1100000.0
Xochitl Gomez,2026-01-31 21:16:35,5300000.0,436000.0,,,
Zendaya,2026-01-31 21:16:48,1.0,14000000.0,,,24000000.0
